Count,Min,Max,Mean,Median,25th Percentile,75th Percentile,Std Dev
115199337,0.16022362926660935,0.9986618148387783,0.47266335223817874,0.4617602067430111,0.41482705776649065,0.5230964194656357,0.08298254141803162
